{"Fitness": -101.5, "_timestamp": 1706471065.832682, "_runtime": 33045.557357788086, "_step": 168}