{"fitness": -343.0, "_timestamp": 1707070437.3087842, "_runtime": 72.08809614181519, "_step": 11, "_wandb": {"runtime": 73}}