{"fitness": -537.109351569571, "_timestamp": 1707071164.415392, "_runtime": 400.10804295539856, "_step": 49, "_wandb": {"runtime": 402}}