{"fitness": -328.67272895115843, "_timestamp": 1707070812.98057, "_runtime": 48.67322111129761, "_step": 3}